Company,Ticker,Fiscal_Year_End,Year,Revenue_USD_Billions,Market_Cap_USD_Billions,Headcount
Apple,AAPL,September,2000,7.98,5.13,8568
Apple,AAPL,September,2001,5.36,7.71,9603
Apple,AAPL,September,2002,5.74,5.16,10211
Apple,AAPL,September,2003,6.21,7.88,10912
Apple,AAPL,September,2004,8.28,26.05,11695
Apple,AAPL,September,2005,13.93,60.79,14800
Apple,AAPL,September,2006,19.32,72.98,17787
Apple,AAPL,September,2007,24.01,174.03,21600
Apple,AAPL,September,2008,32.48,75.99,32000
Apple,AAPL,September,2009,36.54,190.98,34300
Apple,AAPL,September,2010,65.23,297.09,46600
Apple,AAPL,September,2011,108.25,377.51,60400
Apple,AAPL,September,2012,156.51,499.69,72800
Apple,AAPL,September,2013,170.91,500.74,80300
Apple,AAPL,September,2014,182.80,643.12,92600
Apple,AAPL,September,2015,233.72,583.61,110000
Apple,AAPL,September,2016,215.64,608.96,116000
Apple,AAPL,September,2017,229.23,860.88,123000
Apple,AAPL,September,2018,265.60,746.07,132000
Apple,AAPL,September,2019,260.17,1287.00,137000
Apple,AAPL,September,2020,274.52,2255.00,147000
Apple,AAPL,September,2021,365.82,2901.00,154000
Apple,AAPL,September,2022,394.33,2066.00,164000
Apple,AAPL,September,2023,383.29,2994.00,161000
Apple,AAPL,September,2024,391.04,3766.00,164000
Apple,AAPL,September,2025,416.16,3997.00,166000
Apple,AAPL,September,2026,NA,4464.00,NA
Alphabet,GOOGL,December,2000,0.019,NA,NA
Alphabet,GOOGL,December,2001,0.086,NA,284
Alphabet,GOOGL,December,2002,0.440,NA,682
Alphabet,GOOGL,December,2003,1.466,NA,1628
Alphabet,GOOGL,December,2004,3.189,52.77,3021
Alphabet,GOOGL,December,2005,6.139,122.74,5680
Alphabet,GOOGL,December,2006,10.605,141.13,10700
Alphabet,GOOGL,December,2007,16.594,216.54,16805
Alphabet,GOOGL,December,2008,21.796,96.93,20222
Alphabet,GOOGL,December,2009,23.651,196.90,19835
Alphabet,GOOGL,December,2010,29.321,190.13,24400
Alphabet,GOOGL,December,2011,37.905,209.41,32467
Alphabet,GOOGL,December,2012,46.039,231.57,53861
Alphabet,GOOGL,December,2013,55.519,374.79,47756
Alphabet,GOOGL,December,2014,66.001,359.98,53600
Alphabet,GOOGL,December,2015,74.989,535.06,61814
Alphabet,GOOGL,December,2016,90.272,546.19,72053
Alphabet,GOOGL,December,2017,110.855,731.90,88110
Alphabet,GOOGL,December,2018,136.819,726.73,98771
Alphabet,GOOGL,December,2019,161.857,923.77,118899
Alphabet,GOOGL,December,2020,182.527,1190.00,135301
Alphabet,GOOGL,December,2021,257.637,1920.00,156500
Alphabet,GOOGL,December,2022,282.836,1140.00,190234
Alphabet,GOOGL,December,2023,307.394,1750.00,182502
Alphabet,GOOGL,December,2024,350.018,2320.00,183323
Alphabet,GOOGL,December,2025,402.836,3780.00,190820
Alphabet,GOOGL,December,2026,NA,4100.00,NA
Microsoft,MSFT,June,2000,22.96,345.79,39100
Microsoft,MSFT,June,2001,25.30,570.40,47600
Microsoft,MSFT,June,2002,28.37,436.91,50500
Microsoft,MSFT,June,2003,32.19,383.05,55000
Microsoft,MSFT,June,2004,36.84,349.18,57000
Microsoft,MSFT,June,2005,39.79,316.14,61000
Microsoft,MSFT,June,2006,44.28,339.90,71000
Microsoft,MSFT,June,2007,51.12,331.31,79000
Microsoft,MSFT,June,2008,60.42,210.26,91000
Microsoft,MSFT,June,2009,58.44,282.57,93000
Microsoft,MSFT,June,2010,62.48,234.43,89000
Microsoft,MSFT,June,2011,69.94,222.13,90000
Microsoft,MSFT,June,2012,73.72,222.41,94000
Microsoft,MSFT,June,2013,77.85,330.53,99000
Microsoft,MSFT,June,2014,86.83,442.98,128000
Microsoft,MSFT,June,2015,93.58,609.92,118000
Microsoft,MSFT,June,2016,85.32,649.29,114000
Microsoft,MSFT,June,2017,96.57,829.66,124000
Microsoft,MSFT,June,2018,110.36,1063.00,131000
Microsoft,MSFT,June,2019,125.84,1567.00,144000
Microsoft,MSFT,June,2020,143.02,2144.00,163000
Microsoft,MSFT,June,2021,168.09,3214.00,181000
Microsoft,MSFT,June,2022,198.27,2425.00,221000
Microsoft,MSFT,June,2023,211.92,3706.00,221000
Microsoft,MSFT,June,2024,245.12,4593.00,228000
Microsoft,MSFT,June,2025,281.72,4964.00,228000
Microsoft,MSFT,June,2026,331.84,4938.00,223000